{"cameraMode":{"drawMode":0,"name":"Shaded","section":"Shading Mode"},"sceneLighting":true,"audioPlay":false,"sceneViewState":{"showFog":true,"showMaterialUpdate":false,"showSkybox":true,"showFlares":true,"showImageEffects":true,"showParticleSystems":true},"in2DMode":false,"pivot":{"x":-0.7459035515785217,"y":-1.2881191968917847,"z":0.4954213500022888},"rotation":{"x":-0.09176861494779587,"y":0.6868736147880554,"z":-0.715631902217865,"w":-0.08811966329813004},"size":2.6540520191192629,"orthographic":true}