{"cameraMode":{"drawMode":0,"name":"Shaded","section":"Shading Mode"},"sceneLighting":true,"audioPlay":false,"sceneViewState":{"showFog":true,"showMaterialUpdate":false,"showSkybox":true,"showFlares":true,"showImageEffects":true,"showParticleSystems":true},"in2DMode":false,"pivot":{"x":-0.5076125860214233,"y":-1.455918788909912,"z":0.34981727600097659},"rotation":{"x":-0.47958850860595705,"y":0.337394654750824,"z":-0.2066141664981842,"w":-0.7833139300346375},"size":2.148183584213257,"orthographic":true}