{"cameraMode":{"drawMode":0,"name":"Shaded","section":"Shading Mode"},"sceneLighting":true,"audioPlay":false,"sceneViewState":{"showFog":true,"showMaterialUpdate":false,"showSkybox":true,"showFlares":true,"showImageEffects":true,"showParticleSystems":true},"in2DMode":false,"pivot":{"x":0.04951126128435135,"y":0.2861369848251343,"z":-0.14122357964515687},"rotation":{"x":-0.377453476190567,"y":0.3472881317138672,"z":-0.15527863800525666,"w":-0.8443450927734375},"size":1.012058138847351,"orthographic":true}